{"c2array":true,"size":[148,5,1],"data":[[[32],[0],[1],[""],[""]],[[136],["road_Start"],[15000],[27672],[0]],[[138],["road_r0"],[15000],[25368],[0]],[[140],["road_r0"],[15000],[24600],[0]],[[142],["road_r0"],[15000],[23832],[0]],[[144],["road_r0"],[15000],[23064],[0]],[[146],["road_r0"],[15000],[22296],[0]],[[148],["road_r0"],[15000],[21528],[0]],[[150],["road_r0"],[15000],[20760],[0]],[[152],["road_r0"],[15000],[19992],[0]],[[154],["road_r0"],[15000],[19224],[0]],[[156],["road_r0"],[15000],[18456],[0]],[[158],["road_r0"],[15000],[17688],[0]],[[160],["road_r0"],[15000],[16920],[0]],[[162],["road_r0"],[15000],[16152],[0]],[[164],["road_r0"],[15000],[15384],[0]],[[166],["road_r0"],[15000],[14616],[0]],[[168],["road_r0"],[15000],[13848],[0]],[[170],["road_r0"],[15000],[13080],[0]],[[172],["road_r0"],[15000],[12312],[0]],[[174],["road_r0"],[15000],[11544],[0]],[[176],["road_r0"],[15000],[10776],[0]],[[178],["road_r0"],[15000],[10008],[0]],[[180],["road_r0"],[15000],[9240],[0]],[[182],["road_r0"],[15000],[8472],[0]],[[184],["road_r0"],[15000],[7704],[0]],[[186],["road_r0"],[15000],[6936],[0]],[[188],["road_r0"],[15000],[6168],[0]],[[190],["road_r0"],[15000],[5400],[0]],[[192],["road_r0"],[15000],[4632],[0]],[[194],["road_r0"],[15000],[3864],[0]],[[196],["road_r0"],[15000],[3096],[0]],[[198],["road_Finish"],[15000],[2328],[0]],[[200],["obstacle_Rock1"],[14845.292846683915],[2122.153355189732],[0]],[[201],["obstacle_Rock1"],[15169.361328125],[1442.21728515625],[0]],[[202],["obstacle_R3S"],[14887.83984375],[2217.43017578125],[0]],[[203],["obstacle_R3S"],[14801.2197265625],[2213.099365234375],[0]],[[204],["obstacle_R3S"],[15199.6787109375],[1342.608642578125],[0]],[[205],["obstacle_R3S"],[15121.7197265625],[1333.947265625],[0]],[[206],["obstacle_Spikes2"],[14840.9228515625],[3073.50830078125],[0]],[[207],["obstacle_Spikes2"],[14846.068359375],[3329.531982421875],[0]],[[208],["obstacle_Spikes2"],[14851.12109375],[3546.7939453125],[0]],[[209],["obstacle_Spikes2"],[14846.068359375],[3769.109375],[0]],[[210],["obstacle_Spikes2"],[14846.068359375],[3983.844970703125],[0]],[[211],["obstacle_Spikes3"],[15078.9453125],[5046.20068359375],[0]],[[212],["obstacle_Spikes3"],[15079.7138671875],[24523.62451171875],[0]],[[213],["obstacle_Spikes4"],[14788.8994140625],[6106.501953125],[0]],[[214],["obstacle_Spikes"],[14953.1484375],[24449.23828125],[0]],[[215],["obstacle_Spikes"],[14995.1220703125],[24402.166015625],[0]],[[216],["obstacle_Spikes"],[15047.0966796875],[24355.970703125],[0]],[[217],["obstacle_Spikes"],[15087.51953125],[24315.55078125],[0]],[[218],["obstacle_Spikes"],[15130.8310546875],[24269.35546875],[0]],[[219],["obstacle_Spikes"],[15165.4794921875],[24228.93359375],[0]],[[220],["obstacle_Spikes"],[15200.1279296875],[24176.962890625],[0]],[[221],["obstacle_Spikes"],[14798.7783203125],[23801.625],[0]],[[222],["obstacle_Spikes"],[14992.2353515625],[23792.962890625],[0]],[[223],["obstacle_Spikes"],[15194.3544921875],[23795.8515625],[0]],[[224],["obstacle_Spikes"],[15113.505859375],[23663.0390625],[0]],[[225],["obstacle_Spikes"],[14894.0625],[23660.15234375],[0]],[[226],["obstacle_Spikes"],[15000.8974609375],[23504.2421875],[0]],[[227],["obstacle_Spikes"],[14804.5537109375],[23512.904296875],[0]],[[228],["obstacle_Spikes"],[15188.5791015625],[23501.357421875],[0]],[[229],["obstacle_Spikes"],[15104.8447265625],[23354.10546875],[0]],[[230],["obstacle_Spikes"],[14879.626953125],[23351.220703125],[0]],[[231],["obstacle_Spikes"],[15200.1279296875],[23224.181640625],[0]],[[232],["obstacle_Spikes"],[15018.2216796875],[23212.6328125],[0]],[[233],["obstacle_Spikes"],[14790.1162109375],[23212.6328125],[0]],[[234],["obstacle_Spikes"],[14891.1767578125],[23100.03125],[0]],[[235],["obstacle_Spikes"],[15116.3935546875],[23082.708984375],[0]],[[236],["obstacle_Rock4"],[15173.375],[22000.6640625],[0]],[[237],["obstacle_Rock4"],[15055.2958984375],[22102.779296875],[0]],[[238],["obstacle_Rock4"],[15166.9931640625],[22195.32421875],[0]],[[239],["obstacle_R2S"],[15160.609375],[22086.82421875],[0]],[[240],["obstacle_R2S"],[15058.486328125],[21997.47265625],[0]],[[241],["obstacle_R2S"],[15061.6787109375],[22214.470703125],[0]],[[242],["obstacle_Spikes2"],[15119.886093055786],[21911.4072269292],[0]],[[243],["obstacle_Spikes2"],[15135.2802734375],[22278.12109375],[180.00000000000003]],[[244],["obstacle_Rock3"],[14804.861328125],[21053.4140625],[1.8118839761882555e-13]],[[245],["obstacle_Rock3"],[14996.3408203125],[20818.017578125],[1.8118839761882555e-13]],[[246],["obstacle_Rock1"],[14910.1748046875],[20939.283203125],[2.0355549961366507e-13]],[[247],["obstacle_Rock1"],[14906.984375],[20712.7109375],[2.0355549961366507e-13]],[[248],["obstacle_Rock3"],[14804.8603515625],[20597.828125],[2.0355549961366507e-13]],[[249],["obstacle_Rock3"],[14811.2431640625],[20821.208984375],[2.0355549961366507e-13]],[[250],["obstacle_Spikes3"],[15132.226115373156],[19262.939389551444],[50.000000000000234]],[[251],["obstacle_Spikes4"],[14867.5712890625],[18017.7421875],[50.000000000000234]],[[252],["obstacle_Spikes"],[14794.8759765625],[17062.615234375],[2.3447910280083306e-13]],[[253],["obstacle_Spikes"],[15210.23046875],[17053.51953125],[2.3447910280083306e-13]],[[254],["obstacle_Spikes"],[15149.5947265625],[16986.826171875],[2.3447910280083306e-13]],[[255],["obstacle_Spikes"],[15104.1171875],[16911.03515625],[2.3447910280083306e-13]],[[256],["obstacle_Spikes"],[14831.2578125],[16992.88671875],[2.3447910280083306e-13]],[[257],["obstacle_Spikes"],[14879.765625],[16898.908203125],[2.3447910280083306e-13]],[[258],["obstacle_Rock1"],[15319.3291015625],[16093.52734375],[2.3447910280083306e-13]],[[259],["obstacle_Rock1"],[15313.265625],[15917.6962890625],[2.3447910280083306e-13]],[[260],["obstacle_Rock1"],[15319.330078125],[15784.30859375],[2.3447910280083306e-13]],[[261],["obstacle_Rock1"],[15310.234375],[15635.7587890625],[2.3447910280083306e-13]],[[262],["obstacle_Rock1"],[15298.1064453125],[15475.0859375],[2.3447910280083306e-13]],[[263],["obstacle_Rock1"],[14673.55859375],[16081.4033203125],[2.3447910280083306e-13]],[[264],["obstacle_Rock1"],[14682.6552734375],[15935.8876953125],[2.3447910280083306e-13]],[[265],["obstacle_Rock1"],[14676.5908203125],[15793.4013671875],[2.3447910280083306e-13]],[[266],["obstacle_Rock1"],[14673.55859375],[15669.107421875],[2.3447910280083306e-13]],[[267],["obstacle_Rock1"],[14679.623046875],[15493.275390625],[2.3447910280083306e-13]],[[268],["obstacle_R4S"],[15269.229003918652],[15342.517089877128],[2.3447910280083306e-13]],[[269],["obstacle_R4S"],[14724.9765625],[15338.798828125],[2.3447910280083306e-13]],[[270],["obstacle_R4S"],[14790.048828125],[15282.6044921875],[2.3447910280083306e-13]],[[271],["obstacle_R4S"],[14828.5009765625],[15202.748046875],[2.3447910280083306e-13]],[[272],["obstacle_R4S"],[14840.33203125],[15105.146484375],[2.3447910280083306e-13]],[[273],["obstacle_R4S"],[14843.2900390625],[15004.5869140625],[2.3447910280083306e-13]],[[274],["obstacle_R4S"],[14795.96484375],[14921.7734375],[2.3447910280083306e-13]],[[275],["obstacle_R4S"],[14733.8505859375],[14865.578125],[2.3447910280083306e-13]],[[276],["obstacle_R4S"],[14671.736328125],[14830.0869140625],[2.3447910280083306e-13]],[[277],["obstacle_R4S"],[15210.060546875],[15285.5625],[2.3447910280083306e-13]],[[278],["obstacle_R4S"],[15162.7353515625],[15205.7060546875],[2.3447910280083306e-13]],[[279],["obstacle_R4S"],[15159.77734375],[15122.892578125],[2.3447910280083306e-13]],[[280],["obstacle_R4S"],[15168.6513671875],[15028.248046875],[2.3447910280083306e-13]],[[281],["obstacle_R4S"],[15210.060546875],[14951.3505859375],[2.3447910280083306e-13]],[[282],["obstacle_R4S"],[15233.72265625],[14871.494140625],[2.3447910280083306e-13]],[[283],["obstacle_R4S"],[15275.1328125],[14821.2138671875],[2.3447910280083306e-13]],[[286],["obstacle_Rock2"],[14995.6689453125],[13999.5849609375],[0]],[[288],["obstacle_Rock2"],[14990.609375],[13839.7392578125],[0]],[[290],["obstacle_Rock2"],[14990.609375],[13675.1689453125],