{"c2array":true,"size":[247,5,1],"data":[[[32],[0],[2],[""],[""]],[[503],["road_Start"],[15000],[27672],[0]],[[505],["road_r0"],[15000],[25368],[0]],[[507],["road_r0"],[15000],[24600],[0]],[[509],["road_r0"],[15000],[23832],[0]],[[511],["road_r0"],[15000],[23064],[0]],[[513],["road_r0"],[15000],[22296],[0]],[[515],["road_r0"],[15000],[21528],[0]],[[517],["road_r0"],[15000],[20760],[0]],[[519],["road_r0"],[15000],[19992],[0]],[[521],["road_r0"],[15000],[19224],[0]],[[523],["road_r0"],[15000],[18456],[0]],[[525],["road_r0"],[15000],[17688],[0]],[[527],["road_r0"],[15000],[16920],[0]],[[529],["road_r0"],[15000],[16152],[0]],[[531],["road_r0"],[15000],[15384],[0]],[[533],["road_r0"],[15000],[14616],[0]],[[535],["road_r0"],[15000],[13848],[0]],[[537],["road_r0"],[15000],[13080],[0]],[[539],["road_r0"],[15000],[12312],[0]],[[541],["road_r0"],[15000],[11544],[0]],[[543],["road_r0"],[15000],[10776],[0]],[[545],["road_r0"],[15000],[10008],[0]],[[547],["road_r0"],[15000],[9240],[0]],[[549],["road_r0"],[15000],[8472],[0]],[[551],["road_r0"],[15000],[7704],[0]],[[553],["road_r0"],[15000],[6936],[0]],[[555],["road_r0"],[15000],[6168],[0]],[[557],["road_r0"],[15000],[5400],[0]],[[559],["road_r0"],[15000],[4632],[0]],[[561],["road_r0"],[15000],[3864],[0]],[[563],["road_r0"],[15000],[3096],[0]],[[565],["road_Finish"],[15000],[2328],[0]],[[567],["bonus_Coin"],[15189.467040779578],[25045.619273792538],[0]],[[568],["bonus_Coin"],[14824.837890625],[24678.595703125],[0]],[[569],["bonus_Coin"],[15198.2265625],[24426.49609375],[0]],[[570],["bonus_Coin"],[14866.326171875],[24353.099609375],[0]],[[571],["bonus_Coin"],[15175.8876953125],[24059.515625],[0]],[[572],["bonus_Coin"],[14888.6416015625],[23864.625],[0]],[[573],["bonus_Coin"],[15045.0185546875],[23618.90625],[0]],[[574],["bonus_Coin"],[15121.609375],[23523.171875],[0]],[[575],["bonus_Coin"],[14990.7646484375],[23523.171875],[0]],[[576],["bonus_Coin"],[14812.2763671875],[22998.90234375],[0]],[[577],["bonus_Coin"],[14881.6767578125],[23082.271484375],[0]],[[578],["bonus_Coin"],[14939.70703125],[22996.376953125],[0]],[[579],["bonus_Coin"],[15064.8076171875],[22519.150390625],[0]],[[580],["bonus_Coin"],[15004.171875],[22602.517578125],[0]],[[581],["bonus_Coin"],[14951.1171875],[22536.833984375],[0]],[[582],["bonus_Nitro"],[15017.0009765625],[22344.521484375],[0]],[[583],["bonus_Nitro"],[15019.52734375],[22248.51953125],[0]],[[584],["bonus_Nitro"],[15019.52734375],[22157.572265625],[0]],[[585],["bonus_Nitro"],[15014.4736328125],[22069.1484375],[0]],[[586],["bonus_Nitro"],[15015.7802734375],[21970.625],[0]],[[587],["bonus_Coin"],[15014.7119140625],[21706.869140625],[8.526512829121203e-14]],[[588],["bonus_Coin"],[15077.875],[21527.501953125],[8.526512829121203e-14]],[[589],["bonus_Coin"],[15161.2470703125],[21363.29296875],[8.526512829121203e-14]],[[590],["bonus_Coin"],[15221.66015625],[21214.302734375],[8.526512829121203e-14]],[[591],["bonus_Coin"],[15148.3916015625],[21090.515625],[8.526512829121203e-14]],[[592],["bonus_Coin"],[15057.439453125],[20961.673828125],[8.526512829121203e-14]],[[593],["bonus_Coin"],[14963.958984375],[20847.986328125],[8.526512829121203e-14]],[[594],["bonus_Coin"],[14875.533203125],[20736.830078125],[8.526512829121203e-14]],[[595],["bonus_Coin"],[14787.1162109375],[20635.88671875],[8.526512829121203e-14]],[[596],["bonus_Coin"],[14890.7001953125],[20529.8359375],[8.526512829121203e-14]],[[597],["bonus_Coin"],[15029.6572265625],[20455.353515625],[8.526512829121203e-14]],[[598],["bonus_Coin"],[15176.109375],[20380.830078125],[8.526512829121203e-14]],[[599],["bonus_Coin"],[15155.9033203125],[20261.96875],[8.526512829121203e-14]],[[600],["bonus_Coin"],[15112.9521484375],[20117.97265625],[8.526512829121203e-14]],[[601],["bonus_Coin"],[15057.3701171875],[19966.390625],[8.526512829121203e-14]],[[602],["bonus_Coin"],[14999.2607421875],[19817.33984375],[8.526512829121203e-14]],[[603],["bonus_Coin"],[14933.5732421875],[19658.181640625],[8.526512829121203e-14]],[[604],["bonus_Coin"],[14842.6201171875],[19526.814453125],[8.526512829121203e-14]],[[605],["bonus_Coin"],[14785.24609375],[19363.84375],[8.526512829121203e-14]],[[606],["bonus_Coin"],[14814.0478515625],[19151.12890625],[8.526512829121203e-14]],[[607],["bonus_Coin"],[14865.5888671875],[18920.404296875],[8.526512829121203e-14]],[[608],["bonus_Coin"],[14920.9853515625],[18688.568359375],[8.526512829121203e-14]],[[609],["bonus_Coin"],[14981.9130859375],[18508.111328125],[8.526512829121203e-14]],[[610],["bonus_Coin"],[15046.083984375],[18302.701171875],[8.526512829121203e-14]],[[611],["bonus_Coin"],[15090.548828125],[18127.880859375],[8.526512829121203e-14]],[[612],["bonus_Coin"],[15145.7890625],[17957.46484375],[0]],[[613],["bonus_Coin"],[15203.392578125],[17772.537109375],[0]],[[614],["bonus_Nitro"],[15184.9775390625],[20607.06640625],[0]],[[615],["bonus_Nitro"],[15186.611328125],[20807.822265625],[0]],[[616],["bonus_Nitro"],[14847.2490234375],[20209.58203125],[0]],[[617],["bonus_Nitro"],[15216.0595703125],[19533.623046875],[0]],[[618],["bonus_Nitro"],[15066.4052734375],[19324.640625],[0]],[[619],["bonus_Nitro"],[15210.8955078125],[19167.255859375],[0]],[[620],["bonus_Nitro"],[15059.998046875],[18984.072265625],[0]],[[621],["bonus_Nitro"],[15205.869140625],[18757.02734375],[0]],[[622],["bonus_Nitro"],[14843.458984375],[21248.775390625],[0]],[[623],["bonus_Coin"],[14831.5126953125],[17557.07421875],[0]],[[624],["bonus_Coin"],[14990.2666015625],[17562.1015625],[0]],[[625],["bonus_Coin"],[15167.1201171875],[17559.57421875],[0]],[[626],["bonus_Coin"],[15081.2197265625],[17440.83984375],[0]],[[627],["bonus_Coin"],[14906.892578125],[17430.732421875],[0]],[[628],["bonus_Coin"],[14818.46875],[17327.154296875],[0]],[[629],["bonus_Coin"],[15010.3193359375],[17329.6796875],[0]],[[630],["bonus_Coin"],[15187.1708984375],[17319.572265625],[0]],[[631],["bonus_Coin"],[15092.4716796875],[17226.1015625],[0]],[[632],["bonus_Coin"],[14900.5029296875],[17236.205078125],[0]],[[633],["bonus_Coin"],[15176.8330078125],[17114.943359375],[0]],[[634],["bonus_Coin"],[14999.9931640625],[17114.943359375],[0]],[[635],["bonus_Coin"],[14807.9814453125],[17117.470703125],[0]],[[636],["bonus_Coin"],[15097.1708984375],[16993.63671875],[0]],[[637],["bonus_Coin"],[14908.955078125],[16998.689453125],[0]],[[643],["bonus_Coin"],[15027.1474609375],[992.8429565429685],[0]],[[644],["bonus_Coin"],[15102.943359375],[1076.21484375],[0]],[[645],["bonus_Coin"],[15173.6826171875],[1159.5828857421875],[0]],[[646],["bonus_Coin"],[14941.2470703125],[1076.2109374999998],[0]],[[647],["bonus_Coin"],[14862.7666015625],[1174.7368164062498],[0]],[[648],["bonus_Coin"],[15029.517578125],[1230.303466796875],[0]],[[649],["bonus_Coin"],[15105.3115234375],[1311.145263671875],[0]],[[650],["bonus_Coin"],[15171],[1397.039794921875],[0]],[[651],["bonus_Coin"],[14941.091796875],[1313.671630859375],[0]],[[652],["bonus_Coin"],[14850.1376953125],[1414.723876953125],[0]],[[653],["bonus_Coin"],[15034.73046875],[1493.0308837890625],[0]],[[654],["bonus_Coin"],[15107.998046875],[1578.9254150390625],[0]],[[655],["bonus_Coin"],[15166.107421875],[1667.34619140625],[0]],[[656],["bonus_Coin"],[14958.935546875],[1594.083251953125],[0]],[[657],["bonus_Coin"],[14857.876953125],[1687.556640625],[0]],[[658],["bonus_Coin"],[15017.044921875],[1781.02978515625],[0]],[[659],["bonus_Coin"],[15100.419921875],[1861.8717041015625],[0]],[[660],["bonus_Coin"],[15188.845703125],[1957.8712158203125],[0]],[[661],["bonus_Coin"],[14926.0927734375],[1874.503173828125],[0]],[[662],["bonus_Coin"],[14850.2978515625],[1970.502685546875],[0]],[[663],["bonus_Coin"],[15032.2041015625],[2038.713134765625],[0]],[[664],["bonus_Coin"],[15107.9990234375],[2117.028564453125],[0]],[[665],["bonus_Coin"],[15173.6875],[2210.502197265625],[0]],[[666],["bonus_Coin"],[14938.724609375],[2109.44970703125],[0]],[[667],["bonus_Coin"],[14867.984375],[2213.028076171875],[0]],[[668],["bonus_Coin"],[15010.023437500011],[16783.36328125],[0]],[[669],["bonus_Coin"],[15120.2666015625],