{"c2array":true,"size":[179,5,1],"data":[[[22],[0],[""],[""],[""]],[[536],["road_Start"],[4280.179687499989],[23318.612792968757],[0]],[[538],["road_r20"],[4280.179687499989],[21014.612792968757],[0]],[[541],["road_r20"],[4562.179687499989],[19411.612792968757],[20]],[[544],["road_r60"],[5375.43129631266],[18001.735202266784],[40.00000000000001]],[[547],["road_r60"],[6974.187769917708],[17412.553788688627],[99.99999999999999]],[[550],["road_l30"],[8283.812078316541],[18502.526802506345],[160.00000000000003]],[[553],["road_l30"],[9231.778300951486],[19852.73050593158],[130.00000000000006]],[[556],["road_l10"],[10727.842983395543],[20548.0581020642],[99.99999999999999]],[[559],["road_r0"],[12289.902493940983],[20684.37789341727],[90]],[[562],["road_r0"],[13057.902493940983],[20684.37789341727],[90]],[[565],["road_l30"],[13825.902493940983],[20684.37789341727],[90]],[[568],["road_l30"],[15418.902493940983],[20255.37789341727],[60.000000000000036]],[[571],["road_l30"],[16583.980962169593],[19087.352995193745],[30.000000000000018]],[[593],["road_l30"],[17008.95606394607],[17493.274526965135],[1.7763568394002505e-14]],[[596],["road_r30"],[16579.95606394607],[15900.274526965135],[330.00000000000006]],[[599],["road_l120"],[16154.980962169595],[14306.196058736525],[5.088887490341627e-14]],[[602],["road_r0"],[14949.980962169595],[13612.196058736525],[240.00000000000003]],[[605],["road_r0"],[14284.873452063146],[13996.196058736525],[240.00000000000003]],[[608],["road_r70"],[13619.765941956697],[14380.196058736525],[240.00000000000003]],[[611],["road_r70"],[11939.418833926604],[14233.749493276971],[310]],[[614],["road_r0"],[11502.32103210306],[12604.652040194122],[20.00000000000003]],[[574],["road_Finish"],[11764.992502177174],[11882.968107430544],[20.00000000000003]],[[620],["obstacle_Spikes2"],[4355.871826197186],[19522.37213162705],[19.999999999999993]],[[622],["obstacle_Spikes2"],[4516.553466822186],[20272.48345975205],[9.999999999999993]],[[625],["bonus_Coin"],[4558.682451044588],[20214.180750340278],[9.999999999999993]],[[627],["bonus_Coin"],[4356.460283075838],[19383.071375340278],[9.999999999999993]],[[629],["bonus_Nitro"],[4396.460771357088],[20236.401453465278],[9.999999999999993]],[[631],["bonus_Nitro"],[4472.015947138338],[19560.852625340278],[19.999999999999993]],[[634],["obstacle_Spikes3"],[5055.769531343478],[18580.117762057744],[29.999999999999993]],[[637],["bonus_Rocket"],[5080.214355562228],[18797.895105807744],[270.0000000000001]],[[639],["bonus_Nitro"],[4904.659668062228],[18555.670496432744],[30.000000000000107]],[[641],["bonus_Coin"],[4684.660156343478],[18655.670496432744],[40.00000000000011]],[[643],["bonus_Coin"],[4626.882812593478],[18760.117762057744],[40.00000000000011]],[[646],["obstacle_Spikes4"],[6022.753417971164],[17399.650965182744],[70.00000000000011]],[[648],["obstacle_Rock4"],[5444.977539064914],[18030.758387057744],[20.000000000000107]],[[651],["bonus_Coin"],[5518.310546877414],[18099.647058932744],[20.000000000000107]],[[653],["bonus_Nitro"],[5384.977539064914],[17975.203699557744],[60.00000000000011]],[[655],["bonus_Nitro"],[6068.560791018039],[17599.927820651494],[60.00000000000011]],[[657],["bonus_Coin"],[6219.670654299289],[17266.591883151494],[60.00000000000011]],[[659],["bonus_Coin"],[6357.448486330539],[17231.039148776494],[60.00000000000011]],[[661],["bonus_Rocket"],[5784.117431643039],[17399.929773776494],[60.00000000000011]],[[664],["obstacle_Rock2"],[6895.266845705539],[17308.910242526494],[80.00000000000011]],[[666],["obstacle_Rock2"],[6873.045166018039],[17504.462976901494],[110.00000000000011]],[[669],["bonus_Nitro"],[6906.378173830539],[17415.574305026494],[110.00000000000011]],[[671],["bonus_Nitro"],[6990.822509768039],[17424.464930026494],[110.00000000000011]],[[673],["bonus_Nitro"],[7084.155517580539],[17440.019617526494],[110.00000000000011]],[[675],["bonus_Coin"],[6817.489013674289],[17197.796961276494],[110.00000000000011]],[[678],["obstacle_Spikes"],[7439.115234375007],[17320.091394870244],[120.00000000000011]],[[680],["obstacle_Spikes"],[7443.559570312507],[17371.204676120244],[120.00000000000011]],[[682],["obstacle_Spikes"],[7439.114746093757],[17431.202722995244],[120.00000000000011]],[[684],["obstacle_Spikes"],[7428.003906250007],[17497.870691745244],[120.00000000000011]],[[686],["obstacle_Spikes"],[7434.670410156257],[17553.425379245244],[120.00000000000011]],[[688],["obstacle_Spikes"],[7503.559082031257],[17886.757410495244],[130.0000000000001]],[[690],["obstacle_Spikes"],[7561.336914062507],[17857.866785495244],[130.0000000000001]],[[692],["obstacle_Spikes"],[7621.335937500007],[17842.312097995244],[130.0000000000001]],[[694],["obstacle_Spikes"],[7679.113769531257],[17824.536707370244],[130.0000000000001]],[[696],["obstacle_Spikes"],[7745.780273437507],[17797.868738620244],[130.0000000000001]],[[699],["bonus_Coin"],[7683.559082031257],[17466.759363620244],[130.0000000000001]],[[701],["bonus_Coin"],[7774.669433593757],[18053.423426120244],[140.0000000000001]],[[703],["bonus_Nitro"],[7465.781250000007],[17826.755457370244],[140.0000000000001]],[[705],["bonus_Coin"],[8493.846435546919],[18489.885340182744],[150.0000000000001]],[[707],["bonus_Coin"],[8364.32202148442],[19109.568933932744],[150.0000000000001]],[[709],["bonus_Coin"],[8846.86108398442],[19134.963465182744],[150.0000000000001]],[[711],["bonus_Coin"],[8237.33764648442],[18901.313074557744],[150.0000000000001]],[[713],["bonus_Coin"],[9004.393310546919],[19322.642176120244],[170.0000000000001]],[[716],["obstacle_Rock3"],[8646.299072265669],[18984.901941745244],[160.00000000000014]],[[718],["obstacle_Rock3"],[8514.235595703169],[18677.595301120244],[150.00000000000014]],[[721],["bonus_Rocket"],[8656.459228515669],[18804.581629245244],[220.00000000000017]],[[724],["obstacle_Spikes2"],[9325.425537158746],[19729.95614096123],[130.00000000000023]],[[726],["obstacle_Spikes2"],[9112.092529346246],[19990.42293783623],[130.00000000000023]],[[728],["obstacle_Rock1"],[9496.588623096246],[20054.92098471123],[130.00000000000023]],[[731],["bonus_Coin"],[9637.983154346246],[20042.51864096123],[140.00000000000023]],[[733],["bonus_Nitro"],[9585.833740283746],[20213.70711752373],[140.00000000000023]],[[735],["bonus_Rocket"],[10361.395263501283],[20240.723230848824],[140.00000000000023]],[[738],["obstacle_Spikes3"],[10743.614990063783],[20465.168543348824],[100.00000000000021]],[[740],["obstacle_Spikes4"],[10848.060302563783],[20474.059168348824],[100.00000000000021]],[[742],["obstacle_Rock4"],[11534.724365063783],[20842.943933973824],[100.00000000000037]],[[745],["bonus_Nitro"],[10625.837646313783],[20556.279871473824],[100.00000000000037]],[[747],["bonus_Coin"],[11119.169677563783],[20414.059168348824],[100.00000000000037]],[[749],["bonus_Coin"],[11259.169677563783],[20420.725183973824],[100.00000000000037]],[[751],["bonus_Nitro"],[11541.416259595033],[20756.258387098824],[100.00000000000037]],[[753],["bonus_Nitro"],[12281.361572091744],[20717.052820668963],[100.00000000000037]],[[755],["bonus_Nitro"],[12781.506103341744],[20717.050867543963],[100.00000000000037]],[[757],["bonus_Nitro"],[13298.242431466744],[20712.312586293963],[100.00000000000037]],[[759],["bonus_Nitro"],[13762.832275216744],[20709.939539418963],[100.00000000000037]],[[762],["obstacle_Spikes2"],[12288.472900216744],[20840.312586293963],[90.00000000000037]],[[764],["obstacle_Spikes2"],[12781.507079904244],[20845.050867543963],[90.00000000000037]],[[766],["obstacle_Spikes2"],[13298.242431466744],[20842.679773793963],[90.00000000000037]],[[768],["obstacle_Spikes2"],[13755.719970529244],[20847.421961293963],[90.00000000000037]],[[770],["obstacle_Spikes2"],[12542.100829904244],[20856.902430043963],[90.00000000000037]],[[772],["obstacle_Spikes2"],[13061.207275216744],[20847.420008168963],[90.00000000000037]],[[774],["obstacle_Spikes2"],[13528.166259591744],[20842.679773793963],[90.00000000000037]],[[776],["obstacle_Rock2"],[13939.621826352395],[20706.145595193113],[90.00000000000037]],[[778],